item;unit price
Apple Watch 10 42mm Aluminium Silver with Denim Sport Band M/L MWWC3;168 800
Apple Watch 10 42mm Aluminium Jet Black with Black Sport Band M/L MWWF3;168 800
Apple Watch 10 42mm Aluminium Silver with Denim Sport Band S/M MWWA3;168 800
Apple Watch 10 46mm Aluminium Silver with Blue Cloud Sport Loop MWWN3;177 900
Apple Watch 10 46mm Aluminium Jet Black with Ink Sport Loop S/M MWWR3;184 100
Apple Watch 10 46mm Aluminium Rose Gold with Light Blush Sport Band M/L MWWU3;177 900
Apple Watch 10 46mm Aluminium Jet Black with Black Sport Band S/M MWWP3;179 500
Apple Watch 10 46mm Aluminium Rose Gold with Light Blush Sport Band S/M MWWT3;177 900
Apple Watch SE 40mm 2024 Aluminium Midnight with Sport Strap Midnight S/M MXE73;98 500
Apple Watch SE 40mm 2024 Aluminium Silver with Sport Strap Denim S/M MXEC3;98 500
Apple Watch SE 44mm 2024 Aluminium Starlight with Sport Strap Starlight M/L MXEV3;107 000
Apple Watch SE 44mm 2024 Aluminium Midnight with Sport Strap Midnight M/L MXEK3;107 000
Apple Watch SE 44mm 2024 Aluminium Silver with Sport Strap Denim M/L MXER3;107 000
Apple  AirTag 4 Pack MX542ZM/A White Silver;43 000
Apple AirPods 4.Gen with ANC White MXP93 Blister;78 200
Apple AirPods 4.Gen White MXP63 Blister;55 800
Apple AirPods Pro (2. Gen.) with Magsafe Charging Case USB-C White MTJV3 Blister;90 800
Apple MX532ZM AirTag White Silver;18 000
Apple iPad 10,9 2022 64GB Blue MCM84 without Power Adapter;123 500
Apple iPad 10,9 2022 64GB Silver MCM74 without Power Adapter;123 500
Apple iPad 11,0 2025 128GB Yellow MD4D4;163 300
Apple iPad 11,0 2025 128GB Pink MD4E4;163 300
Apple MUXN3 iPad Air 11,0 2024 WiFi + 5G 512GB Blue;410 900
Apple MC9X4 iPad Air 2025 11,0 128GB Blue;268 900
Apple MC9Y4 iPad Air 2025 11,0 128GB Starlight;268 900
Apple MCA04 iPad Air 2025 11,0 128GB Purple;268 900
Apple MCNH4 iPad Air 2025 13,0 128GB Space Gray;366 600
Apple MVV83 iPad Pro 11 2024 WiFi 256GB 8GB Space Black;408 900
Apple MVV93 iPad Pro 11 2024 WiFi 256GB 8GB Silver;408 900
Apple iPhone 13 128GB Midnight MLPF3;196 700
Apple iPhone 13 128GB Starlight MLPG3;196 700
Apple iPhone 14 128GB 6GB Midnight MPUF3;230 800
Apple iPhone 14 128GB 6GB Starlight MPUR3;230 800
Apple iPhone 15 128GB 6GB Green MTP53;262 700
Apple iPhone 15 128GB 6GB Black MTP03;258 100
Apple iPhone 15 256GB 6GB Yellow MTP83;308 800
Apple iPhone 15 256GB 6GB Green MTPA3;308 800
Apple iPhone 15 256GB 6GB Black MTP63;308 800
Apple iPhone 15 Plus 128GB 6GB Yellow MU123;300 800
Apple iPhone 15 Plus 128GB 6GB Green MU173;300 800
Apple iPhone 15 Plus 128GB 6GB Black MU0Y3;300 800
Apple iPhone 15 Plus 256GB 6GB Green;343 000
Apple iPhone 15 Plus 256GB 6GB Black MU183;343 000
Apple iPhone 16 256GB Teal MYEJ3;342 500
Apple iPhone 16 256GB Pink MYEG3;345 700
Apple iPhone 16 Plus 128GB Teal MXVX3;356 500
Apple iPhone 16 Plus 128GB Pink MXVW3;356 500
Apple iPhone 16 Plus 128GB White MXVV3;356 500
Apple iPhone 16 Plus 256GB Teal MXY53;396 900
Apple iPhone 16 Plus 256GB Ultramarin MXY23;396 900
Apple iPhone 16 Plus 256GB Black MXWN3;396 900
Apple iPhone 16 Plus 256GB White MXWV3;396 900
Apple iPhone 16 Pro 128GB Black Titanium MYND3;386 000
Apple iPhone 16 Pro 128GB Desert Titanium MYNF3;386 000
Apple iPhone 16 Pro 256GB Natural Titanium MYNL3;423 300
Apple iPhone 16 Pro 256GB White Titanium MYNJ3;423 300
Apple iPhone 16 Pro 256GB Desert Titanium MYNK3;423 300
Apple iPhone 16 Pro 512GB Natural Titanium MYNQ3;522 400
Apple iPhone 16 Pro Max 256GB Natural Titanium MYWY3;468 900
Apple iPhone 16 Pro Max 256GB Black Titanium MYWV3;468 900
Apple iPhone 16 Pro Max 256GB White Titanium MYWW3;468 900
Apple iPhone 16 Pro Max 256GB Desert Titanium MYWX3;468 900
Apple iPhone 16 Pro Max 512GB Natural Titanium MYX33;548 500
Apple iPhone 16 Pro Max 512GB White Titanium MYX13;548 500
Apple iPhone 16 Pro Max 512GB Desert Titanium MYX23;548 500
Apple iPhone 16e 128GB 8GB White MD1R4;251 200
Apple iPhone 16e 256GB 8GB Black MD1T4;285 300
Apple iPhone 16e 256GB 8GB White MD1W4;285 300
Apple MX2D3ZM Pencil Pro;63 100
Apple MXN63NF/A iPad mini 7 128GB Space Gray;226 900
Apple Pencil 2. generation MU8F2ZM/A Blister;35 300
Google Pixel 8 5G DS 128GB 8GB Hazel;184 600
Google Pixel 8 5G DS 128GB 8GB Obsidian;184 600
Google Pixel 8a 5G DS 128GB 8GB Bay;162 100
Google Pixel 9 5G DS 128GB 12GB Wintergreen;230 400
Honor 200 5G 512GB 12GB DS Emerald Green;121 800
Honor 200 5G 512GB 12GB DS Midnight Black;121 800
Honor 200 Lite 5G 256GB 8GB DS Midnight Black;76 300
Honor 200 Pro 5G 512GB 12GB DS Midnight Black;189 400
Honor 400 5G 512GB 8GB DS Desert Gold;185 900
Honor 400 5G 512GB 8GB DS Midnight Black;185 900
Honor 400 Lite 5G 256GB 8GB DS Velvet Grey;111 400
Honor 400 Pro 5G 512GB 12GB DS Lunar Grey;262 300
Honor 400 Pro 5G 512GB 12GB DS Midnight Black;262 300
Honor Band 9 Black - no Warranty;17 900
Honor Band 9 Blue - no Warranty;17 900
Honor Band 9 Purple - no Warranty;17 900
Honor Magic 6 Lite 5G 256GB 8GB DS Midnight Black;81 200
Honor Magic 7 Lite 5G 256GB 8GB DS Titanium Purple;116 400
Honor Magic 7 Pro 5G 512GB 12GB DS Lunar Shadow Grey;341 200
Honor Magic 7 Pro 5G 512GB 12GB DS Black;341 200
JBL Live Pro+ Beige EU - 6925281982491 - No Warranty;28 000
Samsung EI-T5600BBE SmartTag 2 - black;13 400
Samsung EI-T5600BWE SmartTag 2 - white;8 700
Samsung EI-T5600KWE SmartTag 2 - 4er Pack ( 2 black / 2 white );34 600
Samsung A05s A057 DS 128GB 4GB Green;49 800
Samsung A05s A057 DS 64GB 4GB Green;42 400
Samsung A05s A057 DS 64GB 4GB Black;42 400
Samsung A05s A057 DS 64GB 4GB Silver;42 400
Samsung A165 A16 4G 128GB 4GB DS Light Green;55 300
Samsung A165 A16 4G 256GB 8GB DS Light Green;77 900
Samsung A165 A16 4G 256GB 8GB DS Black;77 900
Samsung A166 A16 5G 128GB 4GB DS Blue Black;60 000
Samsung A166 A16 5G 128GB 4GB DS Light Gray;59 500
Samsung A166 A16 5G 256GB 8GB DS Light Green;90 000
Samsung A266 A26 5G 128GB 6GB DS Mint;88 300
Samsung A266 A26 5G 128GB 6GB DS Black;87 400
Samsung A266 A26 5G 128GB 6GB DS White;87 400
Samsung A266 A26 5G 256GB 8GB DS Mint;98 900
Samsung A266 A26 5G 256GB 8GB DS Black;98 900
Samsung A266 A26 5G 256GB 8GB DS White;98 900
Samsung A366 A36 5G 128GB 6GB DS Awesome Lime;94 900
Samsung A366 A36 5G 128GB 6GB DS Awesome Black;94 900
Samsung A366 A36 5G 128GB 6GB DS Awesome Lavender;94 900
Samsung A366 A36 5G 128GB 6GB DS Awesome White;94 900
Samsung A366 A36 5G 256GB 8GB DS Awesome Lime;113 500
Samsung A366 A36 5G 256GB 8GB DS Awesome Black;113 500
Samsung A366 A36 5G 256GB 8GB DS Awesome Lavender;113 500
Samsung A366 A36 5G 256GB 8GB DS Awesome White;113 500
Samsung A556 A55 5G 128GB 8GB EE DS Navy Blue;123 800
Samsung A556 A55 5G 128GB 8GB DS Avesome Lemon;123 800
Samsung A566 A56 5G 128GB 8GB DS Awesome Graphite;132 900
Samsung A566 A56 5G 128GB 8GB DS Awesome Olive;132 900
Samsung A566 A56 5G 128GB 8GB DS Awesome Lightgray;132 900
Samsung A566 A56 5G 128GB 8GB DS Awesome Pink;132 900
Samsung A566 A56 5G 256GB 8GB DS Awesome Graphite;150 300
Samsung A566 A56 5G 256GB 8GB DS Awesome Lightgray;150 300
Samsung A566 A56 5G 256GB 8GB DS Awesome Pink;150 300
Samsung R630 Buds 3 Pro Silver;54 400
Samsung R630 Buds 3 Pro White;54 400
Samsung R530 Buds 3 Silver;34 500
Samsung R530 Buds 3 White;34 500
Samsung R400 Buds FE Mystic Graphite;24 700
Samsung R400 Buds FE Mystic White;24 700
Samsung S921 S24 5G EE 128GB 8GB DS Onyx Black;195 800
Samsung S921 S24 5G 128GB 8GB DS Amber Yellow;191 400
Samsung S921 S24 5G 128GB 8GB DS Marble Gray;187 800
Samsung S921 S24 5G 256GB 8GB DS Amber Yellow;227 900
Samsung S921 S24 5G 256GB 8GB DS Marble Gray;220 400
Samsung S921 S24 5G 256GB 8GB DS Onyx Black;220 400
Samsung S921 S24 5G 256GB 8GB DS Cobalt Violet;220 400
Samsung S721 S24 FE 5G 128GB 8GB DS Blue;172 100
Samsung S721 S24 FE 5G 128GB 8GB DS Butter Yellow;172 100
Samsung S721 S24 FE 5G 128GB 8GB DS Mint;172 100
Samsung S721 S24 FE 5G 256GB 8GB DS Blue;193 800
Samsung S721 S24 FE 5G 256GB 8GB DS Butter Yellow;193 800
Samsung S721 S24 FE 5G 256GB 8GB DS Mint;193 800
Samsung S928 S24 UItra 5G 512GB 12GB DS Titanium Gray;375 500
Samsung S931 S25 5G 128GB 12GB DS Navy;236 900
Samsung S931 S25 5G 128GB 12GB DS Mint;236 900
Samsung S931 S25 5G 128GB 12GB DS Icyblue;236 900
Samsung S931 S25 5G 128GB 12GB DS Silver Shadow Enterprise Edition;237 800
Samsung S931 S25 5G 128GB 12GB DS Silver Shadow;236 900
Samsung S931 S25 5G 256GB 12GB DS Navy;262 300
Samsung S931 S25 5G 256GB 12GB DS Mint;262 300
Samsung S931 S25 5G 256GB 12GB DS Icyblue;262 300
Samsung S931 S25 5G 256GB 12GB DS Silver Shadow;262 300
Samsung S931 S25 5G 512GB 12GB DS Icyblue;311 800
Samsung S937 S25 Edge 5G 512GB 12GB DS Titanium Icyblue;376 200
Samsung S937 S25 Edge 5G 512GB 12GB DS Titanium Jetblack;367 100
Samsung S937 S25 Edge 5G 512GB 12GB DS Titanium Silver;376 200
Samsung S938 S25 Ultra 5G 1TB 12GB DS Titanium Gray;523 400
Samsung S938 S25 Ultra 5G 1TB 12GB DS Titanium Black;523 400
Samsung S938 S25 Ultra 5G 256GB 12GB DS Titanium Gray;356 000
Samsung S938 S25 Ultra 5G 256GB 12GB DS Titanium Black;359 100
Samsung S938 S25 Ultra 5G 256GB 12GB DS Titanium Silverblue;359 100
Samsung S938 S25 Ultra 5G 256GB 12GB DS Titanium Whitesilver;359 100
Samsung S938 S25 Ultra 5G 512GB 12GB DS Titanium Gray;394 200
Samsung S938 S25 Ultra 5G 512GB 12GB DS Titanium Black;394 200
Samsung S938 S25 Ultra 5G 512GB 12GB DS Titanium Silverblue;394 200
Samsung S938 S25 Ultra 5G 512GB 12GB DS Titanium Whitesilver;394 200
Samsung S936 S25+ 5G 256GB 12GB DS Mint;296 200
Samsung S936 S25+ 5G 256GB 12GB DS Icyblue;296 200
Samsung S936 S25+ 5G 512GB 12GB DS Navy;320 500
Samsung S936 S25+ 5G 512GB 12GB DS Mint;320 500
Samsung S936 S25+ 5G 512GB 12GB DS Icyblue;320 500
Samsung S936 S25+ 5G 512GB 12GB DS Silver Shadow;320 500
Samsung X300N Tab Active5 8.0 WiFi 128GB 6GB Green;118 300
Samsung X520 Tab S10 FE 10,9 WiFi 128GB 8GB Blue;171 700
Samsung X520 Tab S10 FE 10,9 WiFi 128GB 8GB Gray;168 900
Samsung X520 Tab S10 FE 10,9 WiFi 128GB 8GB Silver;168 900
Samsung X620 Tab S10 FE+ 13,1 WiFi 128GB 8GB Gray;226 000
Samsung X620 Tab S10 FE+ 13,1 WiFi 128GB 8GB Silver;222 200
Samsung X920 Tab S10 Ultra 14.6 WiFi 512GB 12GB Moonstone Gray;392 900
Samsung X920 Tab S10 Ultra 14.6 WiFi 512GB 12GB Platinum Silver;386 500
Samsung X826 Tab S10+ 5G 12.4 WiFi + 5G 512GB 12GB Platinum Silver;343 900
Samsung X820 Tab S10+ 12.4 WiFi 256GB 12GB Graphite;327 800
Samsung X820 Tab S10+ 12.4 WiFi 256GB 12GB Platinum Silver;327 800
Samsung X820 Tab S10+ 12.4 WiFi 512GB 12GB Graphite;306 200
Samsung P625 Tab S6 Lite 2024 10.4 LTE + WiFi 128GB 4GB Oxford Gray;106 300
Samsung P620 Tab S6 Lite 2024 10.4 WiFi 128GB 4GB Oxford Gray;86 900
Samsung X716 Tab S9 11.0 WiFi + 5G 128GB 8GB Beige;259 700
Samsung X710 Tab S9 11.0 WiFi 128GB 8GB Graphite;177 200
Samsung X510 Tab S9 FE 10,9 WiFi 128GB 6GB Graphite;145 900
Samsung X510 Tab S9 FE 10,9 WiFi 128GB 6GB Silver;130 500
Samsung X516 Tab S9 FE 5G 10,9 WiFi 128GB 6GB Silver;155 400
Samsung X610 Tab S9 FE+ 12,4 WiFi 128GB 8GB Graphite;168 200
Samsung R960 Watch 6 Classic 47mm Black;74 100
Samsung R960 Watch 6 Classic 47mm Silver;74 100
Samsung R955 Watch 6 LTE Classic 43mm Black;79 900
Samsung R955 Watch 6 LTE Classic 43mm Silver;79 900
Samsung R965 Watch 6 LTE Classic 47mm Silver;78 400
Samsung L300N Watch 7 40mm Cream;67 600
Samsung L300N Watch 7 40mm Green;67 600
Samsung L310N Watch 7 44mm Green;77 200
Samsung L310N Watch 7 44mm Silver;77 200
Samsung L305F Watch 7 LTE 40mm Cream;76 300
Samsung L305F Watch 7 LTE 40mm Green;76 300
Samsung L705 Watch Ultra LTE 47mm Titanium Gray;134 700
Samsung L705 Watch Ultra LTE 47mm Titanium Silver;134 700
Samsung L705 Watch Ultra LTE 47mm Titanium White;134 700
Samsung G736 Xcover 6 Pro EE 128GB 6GB DS Black;132 300
Samsung G556 Xcover 7 Enterprise Edition 128GB 6GB DS Black;90 800
Samsung G556 Xcover 7 128GB 6GB DS Black;89 300
Samsung G766 Xcover 7 Pro EE 128GB 6GB DS Black;250 000
Samsung F741 Z Flip 6 5G 256GB 12GB DS Blue;297 000
Samsung F741 Z Flip 6 5G 256GB 12GB DS Peach;297 000
Samsung F741 Z Flip 6 5G 512GB 12GB DS Mint;317 100
Samsung F956B Z Fold 6 5G 256GB 12GB DS Pink;459 600
Samsung F956B Z Fold 6 5G EE 256GB 12GB DS Crafted Black;464 200
Samsung Tab A9 8.7 X110N 128GB 8GB Graphite;61 700
Samsung Tab A9 8.7 X110N 64GB 4GB Navy;44 900
Samsung Tab A9 8.7 X110N 64GB 4GB graphite;44 900
Samsung Tab A9 8.7 X110N 64GB 4GB Silver;44 900
Samsung Tab A9 LTE 8.7 X115 64GB 4GB Navy;60 900
Samsung Tab A9 LTE 8.7 X115 64GB 4GB Silver;60 900
Samsung Tab A9+ 11.0 X210N 128GB 8GB Graphite;77 300
Samsung Tab A9+ 11.0 X210N 64GB 4GB graphite;65 700
Samsung Tab A9+ 11.0 X210N 64GB 4GB Silver;57 100
Samsung Tab A9+ 5G 11.0 X216 64GB 4GB Navy;79 200
Samsung Tab A9+ 5G 11.0 X216 64GB 4GB graphite;77 900
Xiaomi 15 Ultra 512GB 16GB No Charger Silver DS EU - no Warranty;413 000
Samsung A346 A34 5G Enterprise Edition 128GB 6GB DS Awesome Graphite;82 600
Apple AirPods 3rd Gen. with Lightning Charging Case - White;48 700
Apple AirPods 3rd Gen. with MagSafe Charging Case - White;58 300
Apple AirPods 4 - White;52 600
Apple AirPods 4 - White US Spec;51 200
Apple AirPods 4 ANC - White;69 800
Apple AirPods Pro with MagSafe Charging Case - White;61 900
Apple Airtag 4 Pack - White;36 900
Apple Airtag 4 Pack - White US Spec;38 200
Apple iPhone 13 128GB - Midnight;189 700
Apple iPhone 13 128GB - Midnight;189 700
Apple iPhone 13 128GB - Starlight;191 400
Apple iPhone 13 128GB - Starlight;191 400
Apple iPhone 14 128GB - Blue;220 200
Apple iPhone 14 128GB - Midnight;216 700
Apple iPhone 14 128GB - Violet;220 800
Apple iPhone 14 Pro Max 256GB - Gold;369 800
Apple iPhone 14 Pro Max 512GB - Gold;398 100
Apple iPhone 15 128GB - Black;249 000
Apple iPhone 15 128GB - Black;250 700
Apple iPhone 15 128GB - Blue;244 800
Apple iPhone 15 128GB - Pink;244 500
Apple iPhone 16 128GB - Black;280 700
Apple iPhone 16 Plus 512GB - Black;467 900
Apple iPhone 16 Pro 128GB - Black Titanium;368 400
Apple iPhone 16 Pro 128GB - Desert Titanium;371 300
Apple iPhone 16 Pro 128GB - Natural Titanium;371 800
Apple iPhone 16 Pro 256GB - White Titanium;407 900
Apple iPhone 16 Pro 512GB - Natural Titanium;504 700
Apple iPhone 16 Pro Max 256GB - Black Titanium;447 900
Apple iPhone 16 Pro Max 256GB - Desert Titanium;447 800
Apple iPhone 16 Pro Max 256GB - Natural Titanium;451 500
Apple iPhone 16 Pro Max 256GB - White Titanium;451 500
Apple iPhone 16 Pro Max 256GB - White Titanium;447 800
Apple iPhone 16 Pro Max 512GB - Desert Titanium;540 900
Apple iPhone 16e 128GB - Black;242 900
Apple iPhone 16e 256GB - Black;275 900
Apple iPhone SE3 5G (2022)  64GB - Midnight;175 500
Apple iPhone SE3 5G (2022)  64GB - Midnight US Spec;136 300
Apple iPhone SE3 5G (2022)  64GB - Red;166 800
Apple iPhone SE3 5G (2022)  64GB - Red;166 800
Apple iPhone SE3 5G (2022)  64GB - Starlight;166 800
Apple iPhone SE3 5G (2022)  64GB - Starlight;166 800
Apple iPhone SE3 5G (2022) 128GB - Midnight;190 200
Apple iPhone SE3 5G (2022) 128GB - Red;190 200
Apple iPhone SE3 5G (2022) 128GB - Red;190 200
Apple iPhone SE3 5G (2022) 128GB - Starlight;190 200
Apple iPhone SE3 5G (2022) 128GB - Starlight;190 200
Apple iPhone SE3 5G (2022) 128GB - Starlight;190 200
Apple iPhone SE3 5G (2022) 256GB - Midnight;230 500
Apple iPhone SE3 5G (2022) 256GB - Red;220 500
Apple iPhone SE3 5G (2022) 256GB - Red;210 600
Apple iPhone SE3 5G (2022) 64GB - Midnight;170 900
Apple iPhone SE3 5G (2022) 64GB - Starlight;166 800
Apple MacBook Air 13 M2 (2024) QWERTZ 16GB RAM 256GB 8-Core CPU 8-Core GPU - Silver;306 600
Apple MacBook Air 13 M2 (2024) QWERTZ 16GB RAM 256GB 8-Core CPU 8-Core GPU - Space Grey;307 900
Apple MacBook Air 13 M4 2025 QWERTZ 16GB RAM 256GB 10-Core CPU 8-Core GPU - Starlight;431 700
Apple MacBook Air 13 M4 2025 QWERTZ 16GB RAM 512GB 10-Core CPU 10-Core GPU - Silver;467 300
Apple MacBook Air 13 M4 2025 QWERTZ 16GB RAM 512GB 10-Core CPU 10-Core GPU - Starlight;466 400
Apple MacBook Air 13 M4 2025 QWERTZ 24GB RAM 512GB 10-Core CPU 10-Core GPU - Midnight;550 000
Apple Pencil 2nd Generation - White;34 500
Apple Pencil Pro - White US Spec;53 500
Dreame Glory Hair Dryer  - White;36 400
Dreame H15 Pro Vacuum Cleaner - Black;213 600
Dreame Miracle Hair Dryer - Gold;112 300
Dreame Robot D9 Max Gen2 - Black;76 500
Dreame X40 Ultra - White;296 400
Dreame Z10 Station Cordless Vacuum Cleaner - Grey;152 200
Dyson Airstrait HT01 - Nickel Cooper;156 100
Dyson Airstrait HT01 Gift Edition - Strawberry Bronze/Rose;162 000
Dyson Airwrap HS08 ID Curly + Coily -  Patina/Topaz;210 600
Dyson Airwrap HS08 ID Curly + Coily - Violet/Topaz;210 600
Dyson Hair Dryer Supersonic HD07 - Nickel Copper;152 000
Dyson HD16 Supersonic Nural Hair Dryer - Ceramic Patina/Topaz;173 000
Dyson HD16 Supersonic Nural Hair Dryer - Red Velvet/Gold;168 800
Dyson HD18 Supersonic R Pro Hair Dryer;172 700
Dyson Vacuum Cleaner Gen5 Detect Absolute - Blue/Copper;313 800
Dyson Vacuum Cleaner V10 Absolute (2023);164 900
Dyson Vacuum Cleaner V11 Advanced;183 800
Dyson Vacuum Cleaner V12 Detect Slim Absolute (2023);202 200
Dyson Vacuum Cleaner V15 Detect Absolute (2023) - Gold;246 000
Dyson Vacuum Cleaner V15 Detect Absolute (2023) - Yellow/Nickel;242 000
Dyson Vacuum Cleaner V15s Detect Dry and Wet Submarine 448798-01 - Nickel-Satin Gelb;285 400
Dyson Vacuum Cleaner V8 Advanced - Silver/Nickel;127 200
Dyson WashG1 Wet Floor Cleaner;221 100
Google Pixel 8 5G Dual Sim 8GB RAM 128GB - Mint;176 500
Google Pixel 8 5G Dual Sim 8GB RAM 128GB - Rose;173 600
Google Pixel 9a 5G Dual Sim 8GB RAM 256GB - Obsidian;231 700
GoPro Hero 12 - Black;117 400
Honor 200 5G Dual Sim 12GB RAM 512GB - Black;123 100
Honor 200 5G Dual Sim 12GB RAM 512GB - Black;123 100
Honor 200 Lite 5G Dual Sim 8GB RAM 256GB - Midnight Black;81 900
Honor 200 Pro 5G Dual Sim 12GB RAM 512GB - Black;174 500
Honor 400 5G Dual Sim 8GB RAM 512GB - Midnight Black;184 600
Honor 70 5G Dual Sim 8GB RAM 128GB - Midnight Black;222 000
Honor Magic V3 5G Dual Sim 12GB RAM 512GB - Black;528 300
Honor Magic V3 5G Dual Sim 12GB RAM 512GB - Green;528 300
Honor Magic6 Lite 5G Dual Sim 8GB RAM 256GB - Black;79 000
Honor Magic7 Lite 5G Dual Sim 8GB RAM 256GB - Titanium Black;111 600
Honor Magic7 Lite 5G Dual Sim 8GB RAM 256GB - Titanium Purple;111 600
Honor Magic7 Lite 5G Dual Sim 8GB RAM 512GB - Titanium Black;114 500
Honor Magic7 Lite 5G Dual Sim 8GB RAM 512GB - Titanium Black;130 900
Honor Magic7 Lite 5G Dual Sim 8GB RAM 512GB - Titanium Purple;130 900
Honor Magic7 Pro 5G Dual Sim 12GB RAM 512GB - Black;331 600
Honor Magic7 Pro 5G Dual Sim 12GB RAM 512GB - Grey;340 400
Honor X6b Dual Sim 4GB RAM 128GB LTE - Midnight Black;40 900
Huawei FreeBuds SE 2 - White;12 900
JBL Flip 7 - Purple;54 700
JBL Tune 760NC Headphone - Black;29 500
JBL Tune 770 NC Headphone - Black;32 000
JBL Wave 200TWS Wireless In-Ear Headphones - Black;18 600
JBL Wave 200TWS Wireless In-Ear Headphones - White;18 000
Nintendo Switch OLED Console Neon;138 200
Nintendo Switch OLED Console White;138 200
Oppo A5 Pro 4G Dual Sim 8GB RAM 256GB - Black Brown;85 900
Oppo A5 Pro 4G Dual Sim 8GB RAM 256GB - Feather Blue;85 900
Oppo A5 Pro 5G Dual Sim 8GB RAM 256GB - Black Brown;95 400
Oppo A5 Pro 5G Dual Sim 8GB RAM 256GB - Olive Green;95 400
Oppo Reno13 5G Dual Sim 12GB RAM 256GB - Plume White;147 000
Realme 14 Pro 5G Dual Sim 12GB RAM 512GB - Pearl White;164 900
Realme 14 Pro 5G Dual Sim 12GB RAM 512GB - Suede Grey;164 900
Realme 14 Pro 5G Dual Sim 8GB RAM 256GB - Pearl White;125 200
Realme 14 Pro 5G Dual Sim 8GB RAM 256GB - Suede Grey;125 200
Realme C61 Dual Sim 6GB RAM 256GB - Dark Green;45 100
Realme C61 Dual Sim 6GB RAM 256GB - Sparkle Gold;45 100
Realme GT 7 5G Dual Sim 12GB RAM 512GB - Black;275 900
Realme GT 7 5G Dual Sim 12GB RAM 512GB - Blue;275 900
Realme GT 7 Pro 5G Dual Sim 12GB RAM 512GB - Galaxy Grey;348 000
Realme GT 7T 5G Dual Sim 12GB RAM 256GB - Black;223 000
Realme GT 7T 5G Dual Sim 12GB RAM 256GB - Blue;229 500
Realme GT 7T 5G Dual Sim 12GB RAM 512GB - Black;253 200
Realme GT 7T 5G Dual Sim 12GB RAM 512GB - Blue;253 200
Realme GT 7T 5G Dual Sim 12GB RAM 512GB - Yellow;166 400
Realme Note 60 4G Dual Sim 4GB RAM 128GB - Marble Black;33 300
Realme Note 60 4G Dual Sim 4GB RAM 128GB - Voyage Blue;33 300
Realme P3 5G Dual Sim 8GB RAM 256GB - Grey;113 300
Roborock Q Revo Curv - White;470 800
Roborock Q Revo MaxV - Black;369 500
Roborock Q Revo Plus - Black;256 800
Roborock Q8 Max - White;109 400
Roborock S8 - White;202 400
Samsung Galaxy A05S A057 Dual Sim 4GB RAM 128GB - Black;45 900
Samsung Galaxy A05S A057 Dual Sim 4GB RAM 128GB - Green;46 800
Samsung Galaxy A05S A057 Dual Sim 4GB RAM 128GB - Silver;49 200
Samsung Galaxy A05S A057 Dual Sim 4GB RAM 64GB - Black;41 200
Samsung Galaxy A05S A057 Dual Sim 4GB RAM 64GB - Black;41 200
Samsung Galaxy A16 5G A166 Dual Sim 4GB RAM 128GB - Blue Black;60 600
Samsung Galaxy A16 5G A166 Dual Sim 8GB RAM 256GB - Light Green;88 600
Samsung Galaxy A16 5G A166 Dual Sim 8GB RAM 256GB - Light Grey;88 600
Samsung Galaxy A16 A165 Dual Sim 4GB RAM 128GB - Black;55 700
Samsung Galaxy A16 A165 Dual Sim 4GB RAM 128GB - Black;55 700
Samsung Galaxy A16 A165 Dual Sim 4GB RAM 128GB - Grey;54 700
Samsung Galaxy A16 A165 Dual Sim 4GB RAM 128GB - Light Green;53 700
Samsung Galaxy A16 A165 Dual Sim 8GB RAM 256GB - Black;77 600
Samsung Galaxy A26 5G A266 Dual Sim 6GB RAM 128GB - Black;83 100
Samsung Galaxy A26 5G A266 Dual Sim 6GB RAM 128GB - Mint;81 700
Samsung Galaxy A26 5G A266 Dual Sim 6GB RAM 128GB - Mint;83 100
Samsung Galaxy A26 5G A266 Dual Sim 8GB RAM 256GB - Black;97 300
Samsung Galaxy A34 A346 5G Dual Sim 6GB RAM 128GB  Enterprise Edition - Graphite;80 500
Samsung Galaxy A35 A356 5G Dual Sim 6GB RAM 128GB - Lemon;93 700
Samsung Galaxy A35 A356 5G Dual Sim 6GB RAM 128GB Enterprise Edition - Navy;96 800
Samsung Galaxy A36 A366 5G Dual Sim 6GB RAM 128GB - Black;91 600
Samsung Galaxy A36 A366 5G Dual Sim 6GB RAM 128GB - Lime;90 200
Samsung Galaxy A36 A366 5G Dual Sim 6GB RAM 128GB - White;90 200
Samsung Galaxy A36 A366 5G Dual Sim 6GB RAM 128GB Enterprise Edition - Black;93 000
Samsung Galaxy A36 A366 5G Dual Sim 8GB RAM 256GB - Black;105 200
Samsung Galaxy A36 A366 5G Dual Sim 8GB RAM 256GB - Black;105 200
Samsung Galaxy A36 A366 5G Dual Sim 8GB RAM 256GB - Lime;103 800
Samsung Galaxy A36 A366 5G Dual Sim 8GB RAM 256GB - White;103 800
Samsung Galaxy A55 A556 5G Dual Sim 8GB RAM 128GB - Ice Blue;120 700
Samsung Galaxy A55 A556 5G Dual Sim 8GB RAM 128GB - Ice Blue;120 700
Samsung Galaxy A55 A556 5G Dual Sim 8GB RAM 128GB - Lemon;118 800
Samsung Galaxy A55 A556 5G Dual Sim 8GB RAM 128GB - Navy;119 800
Samsung Galaxy A55 A556 5G Dual Sim 8GB RAM 128GB Enterprise Edition - Navy;118 500
Samsung Galaxy A55 A556 5G Dual Sim 8GB RAM 256GB - Navy;136 200
Samsung Galaxy A56 A566 5G Dual Sim 8GB RAM 128GB - Graphite;121 800
Samsung Galaxy A56 A566 5G Dual Sim 8GB RAM 128GB - Graphite;121 800
Samsung Galaxy A56 A566 5G Dual Sim 8GB RAM 128GB - Light Grey;125 300
Samsung Galaxy A56 A566 5G Dual Sim 8GB RAM 128GB - Light Grey;125 300
Samsung Galaxy A56 A566 5G Dual Sim 8GB RAM 128GB - Olive;125 300
Samsung Galaxy A56 A566 5G Dual Sim 8GB RAM 128GB - Olive;125 300
Samsung Galaxy A56 A566 5G Dual Sim 8GB RAM 128GB Enterprise Edition - Graphite;121 800
Samsung Galaxy A56 A566 5G Dual Sim 8GB RAM 128GB Enterprise Edition - Graphite;120 700
Samsung Galaxy A56 A566 5G Dual Sim 8GB RAM 256GB - Graphite;128 700
Samsung Galaxy A56 A566 5G Dual Sim 8GB RAM 256GB - Graphite;131 100
Samsung Galaxy A56 A566 5G Dual Sim 8GB RAM 256GB - Light Grey;135 500
Samsung Galaxy A56 A566 5G Dual Sim 8GB RAM 256GB Enterprise Edition - Graphite;138 300
Samsung Galaxy Buds3 Pro R630 - Silver;52 500
Samsung Galaxy Buds3 Pro R630 - Silver;52 500
Samsung Galaxy Buds3 Pro R630 - White;53 000
Samsung Galaxy Buds3 R530 - White;28 700
Samsung Galaxy S24 S921 5G Dual Sim 8GB RAM 128GB  -  Onyx  Black;190 600
Samsung Galaxy S24 S921 5G Dual Sim 8GB RAM 128GB  -  Onyx  Black;188 400
Samsung Galaxy S24 S921 5G Dual Sim 8GB RAM 128GB -  Marble Grey;188 400
Samsung Galaxy S24 S921 5G Dual Sim 8GB RAM 256GB  -  Onyx  Black;200 200
Samsung Galaxy S24 S921 5G Dual Sim 8GB RAM 256GB  -  Onyx  Black;200 200
Samsung Galaxy S24 S921 5G Dual Sim 8GB RAM 256GB -  Marble Grey;198 400
Samsung Galaxy S24 S921 5G Dual Sim 8GB RAM 256GB -  Marble Grey;198 400
Samsung Galaxy S24 S921 5G Dual Sim 8GB RAM 256GB - Amber Yellow;198 400
Samsung Galaxy S24 S921 5G Dual Sim 8GB RAM 256GB - Cobalt Violet;187 700
Samsung Galaxy S24+ S926 5G Dual Sim 12GB RAM 512GB - Marble Grey;414 400
Samsung Galaxy S25 Edge S937 5G Dual Sim 12GB RAM 256GB - Titanium Icyblue;333 700
Samsung Galaxy S25 Edge S937 5G Dual Sim 12GB RAM 256GB - Titanium Jetblack;339 200
Samsung Galaxy S25 Edge S937 5G Dual Sim 12GB RAM 256GB - Titanium Silver;339 200
Samsung Galaxy S25 Edge S937 5G Dual Sim 12GB RAM 512GB - Titanium Jetblack;379 000
Samsung Galaxy S25 Edge S937 5G Dual Sim 12GB RAM 512GB - Titanium Silver;379 000
Samsung Galaxy S25 S931 5G Dual Sim 12GB RAM 128GB - Icy Blue;223 700
Samsung Galaxy S25 S931 5G Dual Sim 12GB RAM 128GB - Navy;221 800
Samsung Galaxy S25 S931 5G Dual Sim 12GB RAM 128GB - Silver Shadow;221 800
Samsung Galaxy S25 S931 5G Dual Sim 12GB RAM 128GB Enterprise Edition - Silver Shadow;225 700
Samsung Galaxy S25 S931 5G Dual Sim 12GB RAM 128GB Enterprise Edition - Silver Shadow;226 300
Samsung Galaxy S25 S931 5G Dual Sim 12GB RAM 256GB - Icy Blue;248 800
Samsung Galaxy S25 S931 5G Dual Sim 12GB RAM 256GB - Mint;253 200
Samsung Galaxy S25 S931 5G Dual Sim 12GB RAM 256GB - Navy;248 800
Samsung Galaxy S25 S931 5G Dual Sim 12GB RAM 512GB - Silver Shadow;311 300
Samsung Galaxy S25 Ultra S938 5G Dual Sim 12GB RAM 1TB - Titanium Jetblack;523 400
Samsung Galaxy S25 Ultra S938 5G Dual Sim 12GB RAM 256GB - Titanium Black;360 900
Samsung Galaxy S25 Ultra S938 5G Dual Sim 12GB RAM 256GB - Titanium Silverblue;356 500
Samsung Galaxy S25 Ultra S938 5G Dual Sim 12GB RAM 256GB - Titanium Silverblue;360 900
Samsung Galaxy S25 Ultra S938 5G Dual Sim 12GB RAM 256GB - Titanium Whitesilver;356 500
Samsung Galaxy S25 Ultra S938 5G Dual Sim 12GB RAM 256GB Enterprise Edition - Titanium Black;356 500
Samsung Galaxy S25 Ultra S938 5G Dual Sim 12GB RAM 512GB  -  Titanium Black;388 300
Samsung Galaxy S25 Ultra S938 5G Dual Sim 12GB RAM 512GB - Titanium Black;390 300
Samsung Galaxy S25 Ultra S938 5G Dual Sim 12GB RAM 512GB - Titanium Grey;385 000
Samsung Galaxy S25 Ultra S938 5G Dual Sim 12GB RAM 512GB - Titanium Whitesilver;385 000
Samsung Galaxy S25 Ultra S938 5G Dual Sim 12GB RAM 512GB - Titanium Whitesilver;385 000
Samsung Galaxy S25+ S936 5G Dual Sim 12GB RAM 256GB - Icy Blue;284 700
Samsung Galaxy S25+ S936 5G Dual Sim 12GB RAM 256GB - Navy;286 500
Samsung Galaxy S25+ S936 5G Dual Sim 12GB RAM 256GB - Silver Shadow;286 500
Samsung Galaxy S25+ S936 5G Dual Sim 12GB RAM 256GB - Silver Shadow;286 500
Samsung Galaxy S25+ S936 5G Dual Sim 12GB RAM 512GB - Mint;318 900
Samsung Galaxy S25+ S936 5G Dual Sim 12GB RAM 512GB - Silver Shadow;318 900
Samsung Galaxy XCover 6 Pro G736 128GB Dual Sim Enterprise Edition - Black;143 000
Samsung Galaxy XCover 7 G556B 5G 128GB Dual Sim Enterprise Edition - Black;89 400
Samsung Galaxy XCover 7 G556B 5G 128GB Dual Sim Enterprise Edition - Black;89 400
Samsung Galaxy Z Flip5 F731 5G Dual Sim 8GB RAM 256GB - Cream;384 000
Samsung Galaxy Z Flip5 F731 5G Dual Sim 8GB RAM 256GB - Graphite;459 200
Samsung Galaxy Z Flip5 F731 5G Dual Sim 8GB RAM 256GB - Mint;459 200
Samsung Galaxy Z Flip5 F731 5G Dual Sim 8GB RAM 512GB - Cream;266 800
Samsung Galaxy Z Flip5 F731 5G Dual Sim 8GB RAM 512GB - Mint;266 800
Samsung Galaxy Z Flip6 F741B 5G Dual Sim 12GB RAM 256GB - Silver Shadow;289 600
Samsung Galaxy Z Fold5 F946 5G 12GB RAM 512GB - Phantom Black;388 000
Samsung Galaxy Z Fold5 F946 5G 12GB RAM 512GB Enterprise Edition - Black;388 000
Samsung Galaxy Z Fold6 F956B 5G 12GB RAM 256GB - Pink;445 600
Samsung SmartTag 2 El-T5600 (4 Pack) - Black/White;34 600
Samsung SmartTag 2 El-T5600 - White;13 400
Samsung Soundbar HW-B750F - Black;102 400
Samsung Soundbar HW-QS700F - Black;148 100
Samsung Vertical Jet 75E Pet;121 600
Shokz Openrun Sport Headphone - Black;44 000
Shokz Openrun Sport Headphone - Blue;44 000
Sony PlayStation 5 Slim Disc Edition 1TB - White;211 300
Tablet Apple iPad 10.2 9.Gen 64GB WiFi - Silver;102 500
Tablet Apple iPad 10.9 11.Gen (2025) 128GB Cellular - Silver;223 300
Tablet Apple iPad 10.9 11.Gen (2025) 128GB WiFi - Blue;150 100
Tablet Apple iPad Air (2025) 11 M3 128GB Cellular - Space Grey;343 100
Tablet Apple iPad Air 6 (2024) 11 M2 128GB Cellular - Blue;351 500
Tablet Apple iPad Air 6 (2024) 11 M2 128GB Cellular - Purple;276 000
Tablet Lenovo Idea Tab Pro WiFi 12.7 3K MTD8300 8GB RAM 256GB with Pen - Grey;134 400
Tablet Samsung Galaxy Tab A9 X110 8.7 WiFi 4GB RAM 64GB - Grey;47 100
Tablet Samsung Galaxy Tab A9+ X210 11.0 WiFi 4GB RAM 64GB - Grey;57 100
Tablet Samsung Galaxy Tab A9+ X216 5G 11.0 4GB RAM 64GB - Graphite;78 200
Tablet Samsung Galaxy Tab A9+ X216 5G 11.0 4GB RAM 64GB - Navy;78 200
Tablet Samsung Galaxy Tab A9+ X216 5G 11.0 4GB RAM 64GB - Silver;78 200
Tablet Samsung Galaxy Tab A9+ X216 5G 11.0 8GB RAM 128GB - Graphite;82 900
Tablet Samsung Galaxy Tab A9+ X216 5G 11.0 8GB RAM 128GB - Silver;101 500
Tablet Samsung Galaxy Tab Active 5 Pro X356 10.1 5G 6GB RAM 128GB Enterprise Edition - Green;230 300
Tablet Samsung Galaxy Tab Active 5 Pro X356 10.1 5G 6GB RAM 128GB Enterprise Edition - Green;230 300
Tablet Samsung Galaxy Tab Active 5 X306 8.0 5G 6GB RAM 128GB Enterprise Edition - Green/Black;146 000
Tablet Samsung Galaxy Tab Active 5 X306 8.0 5G 6GB RAM 128GB Enterprise Edition - Green/Black;146 000
Tablet Samsung Galaxy Tab S10 FE X520B Wifi 10.9 12GB RAM 256GB - Grey;190 600
Tablet Samsung Galaxy Tab S10 FE X520B Wifi 10.9 12GB RAM 256GB - Silver;252 700
Tablet Samsung Galaxy Tab S10 FE X520B Wifi 10.9 8GB RAM 128GB - Blue;182 400
Tablet Samsung Galaxy Tab S10 FE X520B Wifi 10.9 8GB RAM 128GB - Grey;170 900
Tablet Samsung Galaxy Tab S10 FE X520B Wifi 10.9 8GB RAM 128GB - Silver;165 400
Tablet Samsung Galaxy Tab S10 FE X526B 5G 10.9 8GB RAM 128GB - Blue;265 700
Tablet Samsung Galaxy Tab S10 FE+ X620B Wifi 13 12GB RAM 256GB - Grey;312 300
Tablet Samsung Galaxy Tab S10 FE+ X620B Wifi 13 12GB RAM 256GB - Silver;239 400
Tablet Samsung Galaxy Tab S10 FE+ X620B Wifi 13 8GB RAM 128GB - Grey;216 400
Tablet Samsung Galaxy Tab S10 FE+ X620B Wifi 13 8GB RAM 128GB - Silver;216 400
Tablet Samsung Galaxy Tab S10 FE+ X626B 5G 13 8GB RAM 128GB - Blue;238 900
Tablet Samsung Galaxy Tab S10 Ultra X926B 5G 14.6 12GB RAM 256GB - Silver;412 100
Tablet Samsung Galaxy Tab S10+ X820B Wifi 12.4 12GB RAM 256GB - Grey;303 400
Tablet Samsung Galaxy Tab S10+ X820B Wifi 12.4 12GB RAM 512GB - Grey;306 200
Tablet Samsung Galaxy Tab S10+ X826B 5G 12.4 12GB RAM 256GB - Silver;323 300
Tablet Samsung Galaxy Tab S10+ X826B 5G 12.4 12GB RAM 512GB - Grey;357 500
Tablet Samsung Galaxy Tab S6 Lite P620 (2024) 10.4 Wifi 4GB RAM 128GB - Grey;80 900
Tablet Samsung Galaxy Tab S6 Lite P620 (2024) 10.4 Wifi 4GB RAM 64GB - Grey;82 000
Tablet Samsung Galaxy Tab S6 Lite P625 (2024) 10.4 4G 4GB RAM 128GB - Grey;98 100
Tablet Samsung Galaxy Tab S9 FE X510 10.9 WiFi 6GB RAM 128GB - Grey;130 500
Tablet Samsung Galaxy Tab S9 FE X510 10.9 WiFi 6GB RAM 128GB - Silver;130 500
Tablet Samsung Galaxy Tab S9 FE+ X610 12.4 WiFi 8GB RAM 128GB - Grey;168 200
Tablet Samsung Galaxy Tab S9 X710N 11.0 WiFi 8GB RAM 128GB - Graphite;175 400
Tablet Samsung Galaxy Tab S9 X716B 5G 11.0 12GB RAM 256GB - Beige;318 900
Tablet Samsung Galaxy Tab S9 X716B 5G 11.0 8GB RAM 128GB - Graphite;244 000
Tablet Xiaomi Pad 7 11.0 8GB RAM 256GB WiFi - Blue;120 700
Tablet Xiaomi Pad 7 11.0 8GB RAM 256GB WiFi - Grey;128 800
Tablet Xiaomi Poco Pad 12.1 8GB RAM 256GB WiFi - Blue;98 800
Tablet Xiaomi Redmi Pad 2 11.0 4GB RAM 128GB WiFi - Graphite Grey;64 700
Tablet Xiaomi Redmi Pad 2 11.0 4GB RAM 128GB WiFi - Green;63 200
Tablet Xiaomi Redmi Pad 2 11.0 8GB RAM 256GB WiFi - Graphite Grey;73 100
Tablet Xiaomi Redmi Pad SE 11.0 4GB RAM 128GB WiFi - Grey;51 800
Tablet Xiaomi Redmi Pad SE 11.0 8GB RAM 256GB WiFi - Green;70 900
Tablet Xiaomi Redmi Pad SE 11.0 8GB RAM 256GB WiFi - Grey;70 900
Tablet Xiaomi Redmi Pad SE 4G 8.7 4GB RAM 128GB - Grey;48 700
Tablet Xiaomi Redmi Pad SE 8.7 4GB RAM 64GB WiFi - Blue;43 100
Tablet Xiaomi Redmi Pad SE 8.7 4GB RAM 64GB WiFi - Grey;43 100
Watch Apple Watch Ultra 2 (2023) LTE 49mm Natural Titanium Case with Alpine Loop L - Indigo;287 500
Watch Apple Watch Ultra 2 (2023) LTE 49mm Natural Titanium Case with Trail Loop S/M - Green/Grey;287 500
Watch Apple Watch Ultra 2 Natural LTE 49mm Titanium Case with Alpine Loop M - Tan;316 600
Watch Apple Watch Ultra 2 Natural LTE 49mm Titanium Case with Trail Loop M/L - Blue;316 600
Watch Huawei Watch GT5 - 41mm - White;76 500
Watch Samsung Galaxy Fit 3 R390 40mm BT - Gold;20 300
Watch Samsung Galaxy Fit 3 R390 40mm BT - Silver;20 300
Watch Samsung Galaxy Watch 6 Classic R955 43mm LTE Region West - Black;72 700
Watch Samsung Galaxy Watch 6 Classic R955 43mm LTE Region West - Silver;72 700
Watch Samsung Galaxy Watch 6 Classic R965 47mm LTE Region East - Black;83 600
Watch Samsung Galaxy Watch 6 Classic R965 47mm LTE Region East - Silver;81 500
Watch Samsung Galaxy Watch 6 R960 Classic 47mm BT - Silver;72 100
Watch Samsung Galaxy Watch 6 R960 Classic 47mm BT - Silver;72 100
Watch Samsung Galaxy Watch 7 L300 40mm BT - Cream;69 600
Watch Samsung Galaxy Watch 7 L300 40mm BT - Cream;69 600
Watch Samsung Galaxy Watch 7 L300 40mm BT - Cream;69 600
Watch Samsung Galaxy Watch 7 L300 40mm BT - Green;62 200
Watch Samsung Galaxy Watch 7 L305 40mm LTE Region East - Cream;75 300
Watch Samsung Galaxy Watch 7 L305 40mm LTE Region East - Green;74 100
Watch Samsung Galaxy Watch 7 L310 44mm BT - Green;78 200
Watch Samsung Galaxy Watch 7 L310 44mm BT - Green;78 200
Watch Samsung Galaxy Watch 7 L315 44mm LTE Region East - Green;85 200
Watch Samsung Galaxy Watch 7 L315 44mm LTE Region West - Green;85 200
Watch Samsung Galaxy Watch 7 L315 44mm LTE Region West - Green;85 200
Watch Samsung Galaxy Watch Ultra L705 47mm LTE Region East - Titanium Grey;136 900
Watch Samsung Galaxy Watch Ultra L705 47mm LTE Region East - Titanium Silver;136 900
Watch Samsung Galaxy Watch Ultra L705 47mm LTE Region East - Titanium White;131 800
Watch Samsung Galaxy Watch Ultra L705 47mm LTE Region West - Titanium Grey;136 900
Watch Samsung Galaxy Watch Ultra L705 47mm LTE Region West - Titanium Silver;136 900
Watch Samsung Galaxy Watch Ultra L705 47mm LTE Region West - Titanium White;131 800
Xiaomi 13T Pro 5G Dual Sim 12GB RAM 512GB - Black;189 500
Xiaomi 14 Ultra 5G Dual Sim 16GB RAM 512GB - Black;409 100
Xiaomi 14T 5G Dual Sim 12GB RAM 256GB - Black;136 300
Xiaomi 14T Pro 5G Dual Sim 12GB RAM 512GB - Black;172 700
Xiaomi 14T Pro 5G Dual Sim 12GB RAM 512GB - Blue;172 700
Xiaomi 14T Pro 5G Dual Sim 12GB RAM 512GB - Grey;172 700
Xiaomi 15 5G Dual Sim 12GB RAM 512GB - Black;266 600
Xiaomi 15 5G Dual Sim 12GB RAM 512GB - Green;266 600
Xiaomi 15 5G Dual Sim 12GB RAM 512GB - White;260 400
Xiaomi 15 Ultra 5G Dual Sim 16GB RAM 512GB - Black;388 000
Xiaomi 15 Ultra 5G Dual Sim 16GB RAM 512GB - Silver;385 300
Xiaomi Poco C75 Dual Sim 6GB RAM 128GB - Black;37 800
Xiaomi Poco C75 Dual Sim 6GB RAM 128GB - Gold;37 800
Xiaomi Poco F7 Pro 5G Dual Sim 12GB RAM 256GB - Black;176 500
Xiaomi Poco F7 Pro 5G Dual Sim 12GB RAM 256GB - Silver;176 500
Xiaomi Poco F7 Pro 5G Dual Sim 12GB RAM 512GB - Black;184 300
Xiaomi Poco F7 Pro 5G Dual Sim 12GB RAM 512GB - Blue;178 200
Xiaomi Poco F7 Pro 5G Dual Sim 12GB RAM 512GB - Silver;178 200
Xiaomi Poco F7 Ultra 5G Dual Sim 12GB RAM 256GB - Black;231 700
Xiaomi Poco M6 Dual Sim 6GB RAM 128GB - Purple;45 900
Xiaomi Poco X7 5G Dual Sim 8GB RAM 256GB - Silver;85 200
Xiaomi Poco X7 Pro 5G Dual Sim 12GB RAM 256GB - Yellow;125 000
Xiaomi Redmi 13 4G Dual Sim 6GB RAM 128GB - Blue;42 900
Xiaomi Redmi 14C 4G Dual Sim 4GB RAM 128GB - Black;35 400
Xiaomi Redmi 14C 4G Dual Sim 4GB RAM 128GB - Blue;35 400
Xiaomi Redmi 14C 4G Dual Sim 4GB RAM 128GB - Green;33 900
Xiaomi Redmi 14C 4G Dual Sim 8GB RAM 256GB - Blue;44 900
Xiaomi Redmi A3 4G Dual Sim 3GB RAM 64GB - Black;32 700
Xiaomi Redmi A3 4G Dual Sim 4GB RAM 128GB - Black;37 400
Xiaomi Redmi A3 4G Dual Sim 4GB RAM 128GB - Green;37 400
Xiaomi Redmi A5 4G Dual Sim 3GB RAM 64GB - Lake Green;31 100
Xiaomi Redmi A5 4G Dual Sim 3GB RAM 64GB - Midnight Black;31 100
Xiaomi Redmi A5 4G Dual Sim 3GB RAM 64GB - Sandy Gold;31 100
Xiaomi Redmi A5 4G Dual Sim 4GB RAM 128GB - Black;36 700
Xiaomi Redmi A5 4G Dual Sim 4GB RAM 128GB - Lake Green;36 200
Xiaomi Redmi A5 4G Dual Sim 4GB RAM 128GB - Ocean Blue;36 700
Xiaomi Redmi A5 4G Dual Sim 4GB RAM 128GB - Sandy Gold;36 700
Xiaomi Redmi Note 11s 5G Dual Sim 4GB RAM 128GB - Midnight Black;56 900
Xiaomi Redmi Note 13 Pro+ 5G Dual Sim 12GB RAM 512GB - Black;121 500
Xiaomi Redmi Note 13 Pro+ 5G Dual Sim 8GB RAM 256GB - Black;92 700
Xiaomi Redmi Note 13 Pro+ 5G Dual Sim 8GB RAM 256GB - Purple;92 700
Xiaomi Redmi Note 14 4G Dual Sim 6GB RAM 128GB - Midnight Black;54 900
Xiaomi Redmi Note 14 4G Dual Sim 6GB RAM 128GB - Mist Purple;54 900
Xiaomi Redmi Note 14 4G Dual Sim 6GB RAM 128GB - Ocean Blue;54 900
Xiaomi Redmi Note 14 4G Dual Sim 8GB RAM 256GB - Midnight Black;63 100
Xiaomi Redmi Note 14 4G Dual Sim 8GB RAM 256GB - Ocean Blue;62 100
Xiaomi Redmi Note 14 4G Dual Sim 8GB RAM 256GB - Purple;60 400
Xiaomi Redmi Note 14 5G Dual Sim 6GB RAM 128GB - Midnight Black;70 400
Xiaomi Redmi Note 14 5G Dual Sim 8GB RAM 256GB - Coral Green;78 200
Xiaomi Redmi Note 14 5G Dual Sim 8GB RAM 256GB - Lavender Purple;78 200
Xiaomi Redmi Note 14 5G Dual Sim 8GB RAM 256GB - Midnight Black;78 200
Xiaomi Redmi Note 14 Pro 4G Dual Sim 12GB RAM 512GB - Midnight Black;106 900
Xiaomi Redmi Note 14 Pro 4G Dual Sim 8GB RAM 256GB - Midnight Black;83 100
Xiaomi Redmi Note 14 Pro 5G Dual Sim 8GB RAM 256GB - Lavender Purple;97 000
Xiaomi Redmi Note 14 Pro 5G Dual Sim 8GB RAM 256GB - Midnight Black;98 900
Xiaomi Redmi Note 14 Pro+ 5G Dual Sim 12GB RAM 512GB - Frost Blue;132 100
Xiaomi Redmi Note 14 Pro+ 5G Dual Sim 12GB RAM 512GB - Lavender Purple;132 100
Xiaomi Redmi Note 14 Pro+ 5G Dual Sim 12GB RAM 512GB - Midnight Black;131 000
Xiaomi Redmi Note 14 Pro+ 5G Dual Sim 8GB RAM 256GB - Frost Blue;121 200
Xiaomi Redmi Note 14 Pro+ 5G Dual Sim 8GB RAM 256GB - Lavender Purple;121 200
Xiaomi Redmi Note 14 Pro+ 5G Dual Sim 8GB RAM 256GB - Midnight Black;121 200
Xiaomi Redmi Note 14S 4G Dual Sim 8GB RAM 256GB - Aurora Purple;76 500
Xiaomi Redmi Note 14S 4G Dual Sim 8GB RAM 256GB - Midnight Black;76 500
Xiaomi Robot Vacuum Cleaner S20 - Black;72 000
